{"cameraMode":{"drawMode":0,"name":"Shaded","section":"Shading Mode"},"sceneLighting":true,"audioPlay":false,"sceneViewState":{"showFog":true,"showMaterialUpdate":false,"showSkybox":true,"showFlares":true,"showImageEffects":true,"showParticleSystems":true},"in2DMode":false,"pivot":{"x":267.74700927734377,"y":96.98751068115235,"z":-328.0938720703125},"rotation":{"x":-0.08491914719343186,"y":0.06272608041763306,"z":0.005361464340239763,"w":0.9944086074829102},"size":11.238814353942871,"orthographic":false}