{"cameraMode":{"drawMode":0,"name":"Shaded","section":"Shading Mode"},"sceneLighting":true,"audioPlay":false,"sceneViewState":{"showFog":true,"showMaterialUpdate":false,"showSkybox":true,"showFlares":true,"showImageEffects":true,"showParticleSystems":true},"in2DMode":false,"pivot":{"x":191.62020874023438,"y":102.4709243774414,"z":-257.5818176269531},"rotation":{"x":0.010327736847102642,"y":0.2955022156238556,"z":-0.0031914273276925089,"w":0.9552919268608093},"size":11.238814353942871,"orthographic":false}